{"cameraMode":{"drawMode":0,"name":"Shaded","section":"Shading Mode"},"sceneLighting":true,"audioPlay":false,"sceneViewState":{"m_AlwaysRefresh":false,"showFog":true,"showSkybox":true,"showFlares":true,"showImageEffects":true,"showParticleSystems":true,"showVisualEffectGraphs":true,"m_FxEnabled":true},"in2DMode":false,"pivot":{"x":16.700000762939454,"y":0.5999999046325684,"z":11.799999237060547},"rotation":{"x":-0.05753859132528305,"y":-0.29727402329444888,"z":0.017949791625142099,"w":-0.9528887867927551},"size":16.58708953857422,"orthographic":false}